command,mean,stddev,median,user,system,min,max
yadf ~,3.2295019576499997,0.3253377906277928,3.0909808335499998,4.5710464449999995,5.597598424999999,2.92699728205,3.62894765905
fdupes -r ~,57.42061808005,0.13247139443124306,57.45153685605,24.870329245,32.466516625,57.18077777705,57.59741589805
jdupes -r ~,8.75911588165,0.02212753490872389,8.764752921549999,3.8275925450000003,4.866307925,8.72632038605,8.782469803049999
ddh ~,7.00990034485,0.0892610073976624,6.97738543105,22.838529045,11.028317225,6.929782059050001,7.21969228805
rmlint --hidden ~,15.477604572549998,0.0843736897488647,15.49121439555,39.155670345,15.248221525,15.297878031049999,15.60571602105
fddf ~,4.959109523550001,0.03458822579242563,4.96778376805,9.735789044999999,12.407055325,4.878362887050001,5.00146807805
