command,mean,stddev,median,user,system,min,max
fdupes -r ~,54.978885890655,1.3212577804567724,54.691287032154996,23.637041914999998,31.287773365000003,53.823419616155,58.641777022155
jdupes -r ~,8.440716701155,0.03027131819090821,8.435580346655,3.765794915,4.619377664999999,8.385754620155,8.481646660155
rmlint --hidden ~,13.617966970455,0.04638947559878201,13.608076034155001,36.333558814999996,13.979182064999998,13.559633700155,13.686014149155
ddh ~,7.739123294255,0.030516642605184288,7.749574757655,31.070100114999995,24.548642664999996,7.691972675155,7.788221404155
dupe-krill -s -d ~,7.561236709655001,0.05208847919304197,7.556348437155,4.760583915,2.765269465,7.497342885155001,7.674412342155001
fddf ~,4.836294847455,0.05691539135075087,4.8375123176549994,9.468138115,11.974835364999999,4.731280187155,4.930299133155001
yadf ~,3.538157071655,0.08065693399268156,3.558250237155,5.337143115,6.247118764999999,3.311985409155,3.5888401721550003
