command,mean,stddev,median,user,system,min,max
yadf ~,3.2765984548200002,0.3018578817906466,3.4749724331199996,4.997153074999999,5.841952709999999,2.8878560586199997,3.54665581662
fdupes -r ~,56.19408874272,0.14546638744241056,56.24732150162001,24.354143575,31.784440409999995,55.883303219620004,56.41011191562
jdupes -r ~,8.670413957620001,0.03562408074633658,8.665258433119998,3.825921675,4.787166009999999,8.62064578962,8.73100426562
ddh ~,5.6230406747199995,0.043919281343994074,5.60475571112,23.375087275,9.833232409999999,5.59041916462,5.73389356662
rmlint --hidden ~,14.058142280319998,0.07806597534326463,14.03922192912,39.13802747500001,14.374309609999997,13.94120323962,14.22262515562
dupe-krill -s -d ~,7.834543705120001,0.06600363351200712,7.814326594620001,4.935457175,2.8638146099999995,7.75734067462,7.94606816762
fddf ~,4.982347223620001,0.09722416407498373,4.96888282962,9.766302974999999,12.686898509999997,4.8182202176199995,5.15056262662
